Num,y
348622,1496.463
348623,27018.3981
348624,297393.862
348625,29454.5755
348626,16.091
348627,146160.9894
348628,67698.0552
348629,111879.1139
348630,102573.6886
348631,3540.02
348632,1850.465
348633,54966.856
348634,278823.2389
348635,21951.3422
348636,1947.011
348637,178690.555
348638,121551.414
348639,509556.9152
348640,510459.6203
348641,2334.8041
348642,113163.1757
348643,83422.1804
348644,1214.8705
348645,24218.5641
348646,10943.4891
348647,150428.3226
348648,7485.5332
348649,18655.9054
348650,5527.2585
348651,23589.406
348652,17167.4879
348653,279809.6172
348654,7393.8145
348655,21948.124
348656,10435.0135
348657,2469.9685
348658,44792.5167
348659,1399.917
348660,160.91
348661,16829.5769
348662,7055.9035
348663,18488.559
348664,1160902.8951
348665,79864.4603
348666,342908.8646
348667,872928.7045
348668,95982.815
348669,27094.0258
348670,25970.874
348671,96.546
348672,47991.4075
348673,88.5005
348674,257.456
348675,2757435.8241
348676,387056.1322
348677,6565.128
348678,46132.897
348679,345256.5415
348680,14369.263
348681,708.004
348682,36423.5876
348683,1947.011
348684,1576.918
348685,21299.6567
348686,185781.8587
348687,6140.3256
348688,143887.3311
348689,25525.1533
348690,6824.1931
348691,198624.0858
348692,14007.2155
348693,194219.9791
348694,138350.418
348695,118638.943
348696,132625.2402
348697,98052.1176
348698,1206.825
348699,15558.3879
348700,11826.885
348701,87819.8507
348702,9107.506
348703,56809.2755
348704,73857.69
348705,151646.4113
348706,118815.944
348707,27404.5821
348708,8536.2755
348709,60743.525
348710,95028.6187
348711,38130.8427
348712,5527.2585
348713,92812.888
348714,100182.566
348715,184735.9437
348716,10708.5605
348717,193.092
348718,4056.5411
348719,6524.9005
348720,13435.985
348721,103653.3947
348722,3131.3086
348723,474.6845
348724,18895.6613
348725,6235.2625
348726,4473.298
348727,79896.6423
348728,296307.7195
348729,32011.4354
348730,1267100.2769
348731,335915.716
348732,31427.3321
348733,166493.577
348734,836.732
348735,2490674.3988
348736,42681.3775
348737,21859.6235
348738,707577.5885
348739,546751.2617
348740,597878.8051
348741,1047314.917
348742,113193.7486
348743,116981.57
348744,2366.9861
348745,6174.1167
348746,128.728
348747,13934.806
348748,95842.8233
348749,5099.2379
348750,28786.799
348751,435522.2242
348752,107706.7176
348753,579028.1986
348754,271448.7336
348755,95323.084
348756,63923.1066
348757,691.913
348758,14602.5825
348759,265511.1546
348760,728697.026
348761,322680.8685
348762,15038.6486
348763,25481.7076
348764,128.728
348765,8375.3655
348766,133629.3186
348767,1319.462
348768,144.819
348769,77946.4131
348770,12113.3048
348771,4014.7045
348772,1330.7257
348773,168796.1991
348774,883098.2165
348775,4264.115
348776,30772.4284
348777,193.092
348778,15479.542
348779,93559.5104
348780,186789.1553
348781,124896.7329
348782,289388.5895
348783,400715.7821
348784,13883.3148
348785,6964.1848
348786,17957.556
348787,2054.8207
348788,3081.4265
348789,67179.925
348790,13645.168
348791,645292.5457
348792,467189.3122
348793,225.274
348794,257.456
348795,32.182
348796,1063.6151
348797,1026.6058
348798,80334.3175
348799,11271.7455
348800,1192.3431
348801,4095.1595
348802,1652.5457
348803,465.0299
348804,1681.5095
348805,2437.7865
348806,834657.8701
348807,27848.6937
348808,1224383.4992
348809,365072.608
348810,27636.2925
348811,12505.9252
348812,1584.9635
348813,24846.1131
348814,48972.9585
348815,86912.3183
348816,203403.1128
348817,79288.4025
348818,8.0455
348819,305669.4633
348820,16340.4105
348821,273.547
348822,48.273
348823,19333.3365
348824,193.092
348825,257.456
348826,442.5025
348827,48.273
348828,119094.3183
348829,720131.7867
348830,291457.8921
348831,593999.265
348832,26350.6216
348833,1432.099
348834,30957.4749
348835,134754.0795
348836,524959.2204
348837,96.546
348838,225.274
348839,225.274
348840,4560.1894
348841,50437.2395
348842,17268.8612
348843,313.7745
348844,6405.8271
348845,171871.1892
348846,472589.4518
348847,19722.7387
349519,1496.463
349520,27018.3981
349521,297393.862
349522,29454.5755
349523,16.091
349524,146160.9894
349525,67698.0552
349526,111879.1139
349527,102573.6886
349528,3540.02
349529,1850.465
349530,54966.856
349531,278823.2389
349532,21951.3422
349533,1947.011
349534,178690.555
349535,121551.414
349536,509556.9152
349537,510459.6203
349538,2334.8041
349539,113163.1757
349540,83422.1804
349541,1214.8705
349542,24218.5641
349543,10943.4891
349544,150428.3226
349545,7485.5332
349546,18655.9054
349547,5527.2585
349548,23589.406
349549,17167.4879
349550,279809.6172
349551,7393.8145
349552,21948.124
349553,10435.0135
349554,2469.9685
349555,44792.5167
349556,1399.917
349557,160.91
349558,16829.5769
349559,7055.9035
349560,18488.559
349561,1160902.8951
349562,79864.4603
349563,342908.8646
349564,872928.7045
349565,95982.815
349566,27094.0258
349567,25970.874
349568,96.546
349569,47991.4075
349570,88.5005
349571,257.456
349572,2757435.8241
349573,387056.1322
349574,6565.128
349575,46132.897
349576,345256.5415
349577,14369.263
349578,708.004
349579,36423.5876
349580,1947.011
349581,1576.918
349582,21299.6567
349583,185781.8587
349584,6140.3256
349585,143887.3311
349586,25525.1533
349587,6824.1931
349588,198624.0858
349589,14007.2155
349590,194219.9791
349591,138350.418
349592,118638.943
349593,132625.2402
349594,98052.1176
349595,1206.825
349596,15558.3879
349597,11826.885
349598,87819.8507
349599,9107.506
349600,56809.2755
349601,73857.69
349602,151646.4113
349603,118815.944
349604,27404.5821
349605,8536.2755
349606,60743.525
349607,95028.6187
349608,38130.8427
349609,5527.2585
349610,92812.888
349611,100182.566
349612,184735.9437
349613,10708.5605
349614,193.092
349615,4056.5411
349616,6524.9005
349617,13435.985
349618,103653.3947
349619,3131.3086
349620,474.6845
349621,18895.6613
349622,6235.2625
349623,4473.298
349624,79896.6423
349625,296307.7195
349626,32011.4354
349627,1267100.2769
349628,335915.716
349629,31427.3321
349630,166493.577
349631,836.732
349632,2490674.3988
349633,42681.3775
349634,21859.6235
349635,707577.5885
349636,546751.2617
349637,597878.8051
349638,1047314.917
349639,113193.7486
349640,116981.57
349641,2366.9861
349642,6174.1167
349643,128.728
349644,13934.806
349645,95842.8233
349646,5099.2379
349647,28786.799
349648,435522.2242
349649,107706.7176
349650,579028.1986
349651,271448.7336
349652,95323.084
349653,63923.1066
349654,691.913
349655,14602.5825
349656,265511.1546
349657,728697.026
349658,322680.8685
349659,15038.6486
349660,25481.7076
349661,128.728
349662,8375.3655
349663,133629.3186
349664,1319.462
349665,144.819
349666,77946.4131
349667,12113.3048
349668,4014.7045
349669,1330.7257
349670,168796.1991
349671,883098.2165
349672,4264.115
349673,30772.4284
349674,193.092
349675,15479.542
349676,93559.5104
349677,186789.1553
349678,124896.7329
349679,289388.5895
349680,400715.7821
349681,13883.3148
349682,6964.1848
349683,17957.556
349684,2054.8207
349685,3081.4265
349686,67179.925
349687,13645.168
349688,645292.5457
349689,467189.3122
349690,225.274
349691,257.456
349692,32.182
349693,1063.6151
349694,1026.6058
349695,80334.3175
349696,11271.7455
349697,1192.3431
349698,4095.1595
349699,1652.5457
349700,465.0299
349701,1681.5095
349702,2437.7865
349703,834657.8701
349704,27848.6937
349705,1224383.4992
349706,365072.608
349707,27636.2925
349708,12505.9252
349709,1584.9635
349710,24846.1131
349711,48972.9585
349712,86912.3183
349713,203403.1128
349714,79288.4025
349715,8.0455
349716,305669.4633
349717,16340.4105
349718,273.547
349719,48.273
349720,19333.3365
349721,193.092
349722,257.456
349723,442.5025
349724,48.273
349725,119094.3183
349726,720131.7867
349727,291457.8921
349728,593999.265
349729,26350.6216
349730,1432.099
349731,30957.4749
349732,134754.0795
349733,524959.2204
349734,96.546
349735,225.274
349736,225.274
349737,4560.1894
349738,50437.2395
349739,17268.8612
349740,313.7745
349741,6405.8271
349742,171871.1892
349743,472589.4518
349744,19722.7387
349745,33461.2345
349746,399970.7688
349747,36977.118
349748,34.4888215142
349749,173628.3264
349750,84382.8131
349751,222810.4679
349752,229016.7666
349753,2719.379
349754,1963.102
349755,62305.9611
349756,368194.262
349757,26783.4695
349758,1450420.2126
349759,1770.01
349760,1898.738
349761,243498.6666
349762,137973.8886
349763,585348.7434
349764,641229.5682
349765,2236.649
349766,125601.5187
349767,113230.7579
349768,1239.007
349769,45278.4649
349770,11978.1404
349771,178075.8788
349772,12449.6067
349773,37097.8005
349774,18836.1246
349775,25946.7375
349776,23377.0048
349777,343003.8015
349778,9421.2805
349779,29655.713
349780,14192.262
349781,2188.376
349782,55110.0659
349783,1029.824
349784,96.546
349785,15444.1418
349786,5065.4468
349787,8101.8185
349788,5229.575
349789,94367.2786
349790,377913.226
349791,1338310.9974
349792,98895.286
349793,44623.5612
349794,28489.1155
349795,112.637
349796,62006.6685
349797,160.91
349798,144.819
349799,3624145.3571
349800,478712.0773
349801,26297.5213
349802,241793.0206
349803,450358.1262
349804,20347.0695
349805,917.187
349806,43493.973
349807,4682.481
349808,2172.285
349809,22454.9905
349810,217959.0314
349811,7176.586
349812,188214.8179
349813,44581.7246
349814,9654.6
349815,216728.0699
349816,1675.0731
349817,80352.0176
349818,177467.639
349819,162873.102
349820,184019.8942
349821,2296.1857
349822,20334.1967
349823,15233.3497
349824,148133.746
349825,6742.129
349826,91771.8003
349827,195349.5673
349828,143325.7552
349829,64486.2916
349830,18239.1485
349831,122050.235
349832,9850.9102
349833,66230.556
349834,141705.3915
349835,66451.0027
349836,5882.8696
349837,127818.8585
349838,144944.5098
349839,216158.4485
349840,14703.9558
349841,96.546
349842,4243.1967
349843,8716.4947
349844,18908.5341
349845,50202.3109
349846,3512.6653
349847,402.275
349848,20384.0788
349849,7736.5528
349850,5519.213
349851,104844.1287
349852,343935.4704
349853,38496.1084
349854,1559343.4098
349855,447022.4619
349856,58527.7943
349857,201324.1556
349858,3123506.0741
349859,102395.0785
349860,70760.1725
349861,923996.7112
349862,682873.0762
349863,733542.0261
349864,1405227.03
349865,163159.5218
349866,150569.9234
349867,2487.6686
349868,5374.394
349869,96.546
349870,13339.439
349871,107437.9979
349872,3789.4305
349873,34484.6221
349874,522030.6584
349875,153006.1008
349876,747262.8218
349877,352198.1989
349878,117444.9908
349879,76448.341
349880,1070.0515
349881,20987.4913
349882,315848.6299
349883,771713.0963
349884,336430.628
349885,21693.8862
349886,37846.032
349887,144.819
349888,23206.4402
349889,3523.929
349890,104026.7059
349891,162951.9479
349892,14806.9382
349893,3449.9104
349894,819.0319
349895,190976.0335
349896,1042440.9531
349897,106775.0487
349898,3681.6208
349899,31047.5845
349900,120.042943772
349901,123.517534391
349902,117290.5172
349903,212066.5072
349904,146651.7649
349905,343164.7115
349906,447437.6097
349907,15444.1418
349908,11059.3443
349909,19598.838
349910,1737.828
349911,1947.011
349912,85930.7673
349913,23100.2396
349914,783824.792
349915,3519.1017
349916,386.184
349917,289.638
349918,25.7098735886
349919,40.337834507
349920,1890.6925
349921,1416.008
349922,102589.7796
349923,11928.2583
349924,1258.3162
349925,4830.5182
349926,1531.8632
349927,1842.4195
349928,2743.5155
349929,30675.8824
349930,1028192.3726
349931,567696.9164
349932,1903520.2452
349933,706584.7738
349934,34734.0326
349935,26310.3941
349936,1298.5437
349937,43878.5479
349938,93136.3171
349939,157551.8083
349940,269504.9408
349941,88289.7079
349942,378410.4379
349943,389.4022
349944,23562.0513
349945,22084.8975
349946,170.446056507
349947,122.421771111
349948,611.458
349949,128.728
349950,144320.179
349951,914412.9116
349952,402241.2089
349953,773903.0814
349954,32064.5357
349955,1190.734
349956,37397.0931
349957,157661.2271
349958,225.274
349959,72.4095
349960,160.91
349961,265.5015
349962,8370.5382
349963,76752.4609
349964,25277.3519
349965,696672.7178
349966,645762.4029
349967,260471.4534
349968,32326.819
349969,321.82
349970,7223.2499
350191,1496.463
350192,27018.3981
350193,297393.862
350194,29454.5755
350195,16.091
350196,146160.9894
350197,67698.0552
350198,111879.1139
350199,102573.6886
350200,3540.02
350201,1850.465
350202,54966.856
350203,278823.2389
350204,21951.3422
350205,1947.011
350206,178690.555
350207,121551.414
350208,509556.9152
350209,510459.6203
350210,2334.8041
350211,113163.1757
350212,83422.1804
350213,1214.8705
350214,24218.5641
350215,10943.4891
350216,150428.3226
350217,7485.5332
350218,18655.9054
350219,5527.2585
350220,23589.406
350221,17167.4879
350222,279809.6172
350223,7393.8145
350224,21948.124
350225,10435.0135
350226,2469.9685
350227,44792.5167
350228,1399.917
350229,160.91
350230,16829.5769
350231,7055.9035
350232,18488.559
350233,1160902.8951
350234,79864.4603
350235,342908.8646
350236,872928.7045
350237,95982.815
350238,27094.0258
350239,25970.874
350240,96.546
350241,47991.4075
350242,88.5005
350243,257.456
350244,2757435.8241
350245,387056.1322
350246,6565.128
350247,46132.897
350248,345256.5415
350249,14369.263
350250,708.004
350251,36423.5876
350252,1947.011
350253,1576.918
350254,21299.6567
350255,185781.8587
350256,6140.3256
350257,143887.3311
350258,25525.1533
350259,6824.1931
350260,198624.0858
350261,14007.2155
350262,194219.9791
350263,138350.418
350264,118638.943
350265,132625.2402
350266,98052.1176
350267,1206.825
350268,15558.3879
350269,11826.885
350270,87819.8507
350271,9107.506
350272,56809.2755
350273,73857.69
350274,151646.4113
350275,118815.944
350276,27404.5821
350277,8536.2755
350278,60743.525
350279,95028.6187
350280,38130.8427
350281,5527.2585
350282,92812.888
350283,100182.566
350284,184735.9437
350285,10708.5605
350286,193.092
350287,4056.5411
350288,6524.9005
350289,13435.985
350290,103653.3947
350291,3131.3086
350292,474.6845
350293,18895.6613
350294,6235.2625
350295,4473.298
350296,79896.6423
350297,296307.7195
350298,32011.4354
350299,1267100.2769
350300,335915.716
350301,31427.3321
350302,166493.577
350303,836.732
350304,2490674.3988
350305,42681.3775
350306,21859.6235
350307,707577.5885
350308,546751.2617
350309,597878.8051
350310,1047314.917
350311,113193.7486
350312,116981.57
350313,2366.9861
350314,6174.1167
350315,128.728
350316,13934.806
350317,95842.8233
350318,5099.2379
350319,28786.799
350320,435522.2242
350321,107706.7176
350322,579028.1986
350323,271448.7336
350324,95323.084
350325,63923.1066
350326,691.913
350327,14602.5825
350328,265511.1546
350329,728697.026
350330,322680.8685
350331,15038.6486
350332,25481.7076
350333,128.728
350334,8375.3655
350335,133629.3186
350336,1319.462
350337,144.819
350338,77946.4131
350339,12113.3048
350340,4014.7045
350341,1330.7257
350342,168796.1991
350343,883098.2165
350344,4264.115
350345,30772.4284
350346,193.092
350347,15479.542
350348,93559.5104
350349,186789.1553
350350,124896.7329
350351,289388.5895
350352,400715.7821
350353,13883.3148
350354,6964.1848
350355,17957.556
350356,2054.8207
350357,3081.4265
350358,67179.925
350359,13645.168
350360,645292.5457
350361,467189.3122
350362,225.274
350363,257.456
350364,32.182
350365,1063.6151
350366,1026.6058
350367,80334.3175
350368,11271.7455
350369,1192.3431
350370,4095.1595
350371,1652.5457
350372,465.0299
350373,1681.5095
350374,2437.7865
350375,834657.8701
350376,27848.6937
350377,1224383.4992
350378,365072.608
350379,27636.2925
350380,12505.9252
350381,1584.9635
350382,24846.1131
350383,48972.9585
350384,86912.3183
350385,203403.1128
350386,79288.4025
350387,8.0455
350388,305669.4633
350389,16340.4105
350390,273.547
350391,48.273
350392,19333.3365
350393,193.092
350394,257.456
350395,442.5025
350396,48.273
350397,119094.3183
350398,720131.7867
350399,291457.8921
350400,593999.265
350401,26350.6216
350402,1432.099
350403,30957.4749
350404,134754.0795
350405,524959.2204
350406,96.546
350407,225.274
350408,225.274
350409,4560.1894
350410,50437.2395
350411,17268.8612
350412,313.7745
350413,6405.8271
350414,171871.1892
350415,472589.4518
350416,19722.7387
350417,33461.2345
350418,399970.7688
350419,36977.118
350420,34.4888215142
350421,173628.3264
350422,84382.8131
350423,222810.4679
350424,229016.7666
350425,2719.379
350426,1963.102
350427,62305.9611
350428,368194.262
350429,26783.4695
350430,1450420.2126
350431,1770.01
350432,1898.738
350433,243498.6666
350434,137973.8886
350435,585348.7434
350436,641229.5682
350437,2236.649
350438,125601.5187
350439,113230.7579
350440,1239.007
350441,45278.4649
350442,11978.1404
350443,178075.8788
350444,12449.6067
350445,37097.8005
350446,18836.1246
350447,25946.7375
350448,23377.0048
350449,343003.8015
350450,9421.2805
350451,29655.713
350452,14192.262
350453,2188.376
350454,55110.0659
350455,1029.824
350456,96.546
350457,15444.1418
350458,5065.4468
350459,8101.8185
350460,5229.575
350461,94367.2786
350462,377913.226
350463,1338310.9974
350464,98895.286
350465,44623.5612
350466,28489.1155
350467,112.637
350468,62006.6685
350469,160.91
350470,144.819
350471,3624145.3571
350472,478712.0773
350473,26297.5213
350474,241793.0206
350475,450358.1262
350476,20347.0695
350477,917.187
350478,43493.973
350479,4682.481
350480,2172.285
350481,22454.9905
350482,217959.0314
350483,7176.586
350484,188214.8179
350485,44581.7246
350486,9654.6
350487,216728.0699
350488,1675.0731
350489,80352.0176
350490,177467.639
350491,162873.102
350492,184019.8942
350493,2296.1857
350494,20334.1967
350495,15233.3497
350496,148133.746
350497,6742.129
350498,91771.8003
350499,195349.5673
350500,143325.7552
350501,64486.2916
350502,18239.1485
350503,122050.235
350504,9850.9102
350505,66230.556
350506,141705.3915
350507,66451.0027
350508,5882.8696
350509,127818.8585
350510,144944.5098
350511,216158.4485
350512,14703.9558
350513,96.546
350514,4243.1967
350515,8716.4947
350516,18908.5341
350517,50202.3109
350518,3512.6653
350519,402.275
350520,20384.0788
350521,7736.5528
350522,5519.213
350523,104844.1287
350524,343935.4704
350525,38496.1084
350526,1559343.4098
350527,447022.4619
350528,58527.7943
350529,201324.1556
350530,3123506.0741
350531,102395.0785
350532,70760.1725
350533,923996.7112
350534,682873.0762
350535,733542.0261
350536,1405227.03
350537,163159.5218
350538,150569.9234
350539,2487.6686
350540,5374.394
350541,96.546
350542,13339.439
350543,107437.9979
350544,3789.4305
350545,34484.6221
350546,522030.6584
350547,153006.1008
350548,747262.8218
350549,352198.1989
350550,117444.9908
350551,76448.341
350552,1070.0515
350553,20987.4913
350554,315848.6299
350555,771713.0963
350556,336430.628
350557,21693.8862
350558,37846.032
350559,144.819
350560,23206.4402
350561,3523.929
350562,104026.7059
350563,162951.9479
350564,14806.9382
350565,3449.9104
350566,819.0319
350567,190976.0335
350568,1042440.9531
350569,106775.0487
350570,3681.6208
350571,31047.5845
350572,120.042943772
350573,123.517534391
350574,117290.5172
350575,212066.5072
350576,146651.7649
350577,343164.7115
350578,447437.6097
350579,15444.1418
350580,11059.3443
350581,19598.838
350582,1737.828
350583,1947.011
350584,85930.7673
350585,23100.2396
350586,783824.792
350587,3519.1017
350588,386.184
350589,289.638
350590,25.7098735886
350591,40.337834507
350592,1890.6925
350593,1416.008
350594,102589.7796
350595,11928.2583
350596,1258.3162
350597,4830.5182
350598,1531.8632
350599,1842.4195
350600,2743.5155
350601,30675.8824
350602,1028192.3726
350603,567696.9164
350604,1903520.2452
350605,706584.7738
350606,34734.0326
350607,26310.3941
350608,1298.5437
350609,43878.5479
350610,93136.3171
350611,157551.8083
350612,269504.9408
350613,88289.7079
350614,378410.4379
350615,389.4022
350616,23562.0513
350617,22084.8975
350618,170.446056507
350619,122.421771111
350620,611.458
350621,128.728
350622,144320.179
350623,914412.9116
350624,402241.2089
350625,773903.0814
350626,32064.5357
350627,1190.734
350628,37397.0931
350629,157661.2271
350630,225.274
350631,72.4095
350632,160.91
350633,265.5015
350634,8370.5382
350635,76752.4609
350636,25277.3519
350637,696672.7178
350638,645762.4029
350639,260471.4534
350640,32326.819
350641,321.82
350642,7223.2499
350643,146116.135687
350644,52399.0691031
350645,2021.81407953
350646,1620.15527137
350647,24207.8899547
350648,245960.803874
350649,26961.3441576
350650,112336.24173
350651,52363.0119773
350652,84675.0805805
350653,80627.3054636
350654,1723.89920211
350655,1045.87784514
350656,81697.4058845
350657,83934.7812808
350658,348379.864244
350659,349789.776671
350660,1592.02306963
350661,94271.3221945
350662,65884.1847904
350663,1177.83548334
350664,19471.6861939
350665,8272.97512823
350666,91538.4665242
350667,8848.39473656
350668,17421.0105788
350669,56592.3806454
350670,246994.575335
350671,182122.312857
350672,6872.17681752
350673,21474.3336469
350674,10612.8132719
350675,1780.24039752
350676,38030.9462809
350677,1042.21957155
350678,137.820046503
350679,9253.55379433
350680,4091.98613425
350681,14251.3241596
350682,3997.41069092
350683,65565.8375426
350684,228219.169178
350685,776158.582352
350686,71623.1358686
350687,20463.4705602
350688,20908.8110536
350689,77.9790405239
350690,41510.6748522
350691,102.495881059
350692,118.61602258
350693,2129540.52064
350694,308669.997135
350695,5921.46619257
350696,817406.758577
350697,18362.6836219
350698,30857.4681484
350699,12639.8939393
350700,642.794578938
350701,29541.068761
350702,3514.47139356
350703,1516.6630431
350704,17507.0813597
350705,130326.724947
350706,5375.29925523
350707,95555.0798455
350708,22000.918397
350709,8864.59053044
350710,141163.169311
350711,12646.4298965
350712,236360.988152
350713,111693.454518
350714,92401.4222081
350715,96837.6964418
350716,1170.18409819
350717,14512.9536954
350718,11737.3877914
350719,73150.7080622
350720,5408.8144817
350721,34397.9380341
350722,49988.115653
350723,116491.368669
350724,79806.8599601
350725,18403.2336994
350726,371.770364574
350727,73601.8656675
350728,26410.0984551
350729,5219.06484822
350730,76296.0493256
350731,81541.186651
350732,105887.789306
350733,9688.20787778
350734,121.282295835
350735,2473.90210124
350736,6059.38765425
350737,12674.296898
350738,27599.4408947
350739,2094.05391237
350740,7237.20783878
350741,14500.3515704
350742,4515.67245518
350743,4424.55346256
350744,62055.8651725
350745,223653.907022
350746,22098.7654035
350747,787568.943004
350748,239909.375312
350749,33886.0607654
350750,131953.448104
350751,758.687651446
350752,121916.719821
350753,1783934.16919
350754,24721.583292
350755,578363.460983
350756,385846.581452
350757,529812.263745
350758,820613.000846
350759,114082.190285
350760,88623.7366409
350761,1749.39103814
350762,4537.17206173
350763,110.405287749
350764,10376.5813819
350765,63175.2144337
350766,3416.83829432
350767,37648.1079777
350768,328842.598408
350769,82177.8809661
350770,399072.30261
350771,212775.884823
350772,68663.6903981
350773,55206.2113328
350774,656.084705614
350775,14349.8036274
350776,217883.602946
350777,537745.74154
350778,239363.559263
350779,14427.1462405
350780,23276.7528677
350781,69989.6428867
350782,15037.6379234
350783,108385.203112
350784,2413.34637738
350785,62616.4682208
350786,10809.8762591
350787,2319.2654775
350788,671.896479888
350789,119998.550329
350790,612391.75559
350791,60620.5194335
350792,3080.11417775
350793,16931.9786364
350794,76.7020706575
350795,8549.1868542
350796,132341.611638
350797,89556.7717167
350798,212940.463668
350799,275688.467994
350800,10879.3093696
350801,7674.43040908
350802,11628.2173311
350803,856.98512926
350804,1628.42637096
350805,57598.0971154
350806,9811.42709452
350807,435515.249012
350808,21312.635006
350809,833779.86221
350810,341.526247194
350811,1422.31493147
350812,940.844848955
350813,57814.0969888
350814,8974.63039161
350815,652.647972803
350816,3218.75452237
350817,1244.65359704
350818,797.05092318
350819,1693.28353224
350820,2649.60978829
350821,668575.612076
350822,302310.260109
350823,25512.7464023
350824,277856.789127
350825,19569.847569
350826,9795.03927991
350827,906.765924721
350828,24661.682573
350829,43034.5861723
350830,69021.1369949
350831,162219.797118
350832,65074.2918233
350833,95.252059791
350834,216281.416613
350835,13004.6993256
350836,14128.764162
350837,56.9184631387
350838,303.150619485
350839,17525.2723486
350840,472.44489069
350841,68.1762529602
350842,92055.3422317
350843,558590.756816
350844,237199.661043
350845,424475.797045
350846,23113.8367283
350847,1380.78384137
350848,25727.8597851
350849,390954.627964
350850,111753.164523
350851,148643.362341
350852,387674.324621
350853,200.962323637
350854,64.5446394271
350855,89.468578344
350856,179.557148787
350857,5176.63784222
350858,35296.8666716
350859,16926.9501244
350860,13871.0914178
350861,317.454902373
350862,5207.30331439
350863,33461.2345
350864,399970.7688
350865,36977.118
350866,34.4888215142
350867,173628.3264
350868,84382.8131
350869,222810.4679
350870,229016.7666
350871,2719.379
350872,1963.102
350873,62305.9611
350874,368194.262
350875,26783.4695
350876,1450420.2126
350877,1770.01
350878,1898.738
350879,243498.6666
350880,137973.8886
350881,585348.7434
350882,641229.5682
350883,2236.649
350884,125601.5187
350885,113230.7579
350886,1239.007
350887,45278.4649
350888,11978.1404
350889,178075.8788
350890,12449.6067
350891,37097.8005
350892,18836.1246
350893,25946.7375
350894,23377.0048
350895,343003.8015
350896,9421.2805
350897,29655.713
350898,14192.262
350899,2188.376
350900,55110.0659
350901,1029.824
350902,96.546
350903,15444.1418
350904,5065.4468
350905,8101.8185
350906,5229.575
350907,94367.2786
350908,377913.226
350909,1338310.9974
350910,98895.286
350911,44623.5612
350912,28489.1155
350913,112.637
350914,62006.6685
350915,160.91
350916,144.819
350917,3624145.3571
350918,478712.0773
350919,26297.5213
350920,241793.0206
350921,450358.1262
350922,20347.0695
350923,917.187
350924,43493.973
350925,4682.481
350926,2172.285
350927,22454.9905
350928,217959.0314
350929,7176.586
350930,188214.8179
350931,44581.7246
350932,9654.6
350933,216728.0699
350934,1675.0731
350935,80352.0176
350936,177467.639
350937,162873.102
350938,184019.8942
350939,2296.1857
350940,20334.1967
350941,15233.3497
350942,148133.746
350943,6742.129
350944,91771.8003
350945,195349.5673
350946,143325.7552
350947,64486.2916
350948,18239.1485
350949,122050.235
350950,9850.9102
350951,66230.556
350952,141705.3915
350953,66451.0027
350954,5882.8696
350955,127818.8585
350956,144944.5098
350957,216158.4485
350958,14703.9558
350959,96.546
350960,4243.1967
350961,8716.4947
350962,18908.5341
350963,50202.3109
350964,3512.6653
350965,402.275
350966,20384.0788
350967,7736.5528
350968,5519.213
350969,104844.1287
350970,343935.4704
350971,38496.1084
350972,1559343.4098
350973,447022.4619
350974,58527.7943
350975,201324.1556
350976,3123506.0741
350977,102395.0785
350978,70760.1725
350979,923996.7112
350980,682873.0762
350981,733542.0261
350982,1405227.03
350983,163159.5218
350984,150569.9234
350985,2487.6686
350986,5374.394
350987,96.546
350988,13339.439
350989,107437.9979
350990,3789.4305
350991,34484.6221
350992,522030.6584
350993,153006.1008
350994,747262.8218
350995,352198.1989
350996,117444.9908
350997,76448.341
350998,1070.0515
350999,20987.4913
351000,315848.6299
351001,771713.0963
351002,336430.628
351003,21693.8862
351004,37846.032
351005,144.819
351006,23206.4402
351007,3523.929
351008,104026.7059
351009,162951.9479
351010,14806.9382
351011,3449.9104
351012,819.0319
351013,190976.0335
351014,1042440.9531
351015,106775.0487
351016,3681.6208
351017,31047.5845
351018,120.042943772
351019,123.517534391
351020,117290.5172
351021,212066.5072
351022,146651.7649
351023,343164.7115
351024,447437.6097
351025,15444.1418
351026,11059.3443
351027,19598.838
351028,1737.828
351029,1947.011
351030,85930.7673
351031,23100.2396
351032,783824.792
351033,3519.1017
351034,386.184
351035,289.638
351036,25.7098735886
351037,40.337834507
351038,1890.6925
351039,1416.008
351040,102589.7796
351041,11928.2583
351042,1258.3162
351043,4830.5182
351044,1531.8632
351045,1842.4195
351046,2743.5155
351047,30675.8824
351048,1028192.3726
351049,567696.9164
351050,1903520.2452
351051,706584.7738
351052,34734.0326
351053,26310.3941
351054,1298.5437
351055,43878.5479
351056,93136.3171
351057,157551.8083
351058,269504.9408
351059,88289.7079
351060,378410.4379
351061,389.4022
351062,23562.0513
351063,22084.8975
351064,170.446056507
351065,122.421771111
351066,611.458
351067,128.728
351068,144320.179
351069,914412.9116
351070,402241.2089
351071,773903.0814
351072,32064.5357
351073,1190.734
351074,37397.0931
351075,157661.2271
351076,225.274
351077,72.4095
351078,160.91
351079,265.5015
351080,8370.5382
351081,76752.4609
351082,25277.3519
351083,696672.7178
351084,645762.4029
351085,260471.4534
351086,32326.819
351087,321.82
351088,7223.2499
351089,146116.135687
351090,52399.0691031
351091,2021.81407953
351092,1620.15527137
351093,24207.8899547
351094,245960.803874
351095,26961.3441576
351096,112336.24173
351097,52363.0119773
351098,84675.0805805
351099,80627.3054636
351100,1723.89920211
351101,1045.87784514
351102,81697.4058845
351103,83934.7812808
351104,348379.864244
351105,349789.776671
351106,1592.02306963
351107,94271.3221945
351108,65884.1847904
351109,1177.83548334
351110,19471.6861939
351111,8272.97512823
351112,91538.4665242
351113,8848.39473656
351114,17421.0105788
351115,56592.3806454
351116,246994.575335
351117,182122.312857
351118,6872.17681752
351119,21474.3336469
351120,10612.8132719
351121,1780.24039752
351122,38030.9462809
351123,1042.21957155
351124,137.820046503
351125,9253.55379433
351126,4091.98613425
351127,14251.3241596
351128,3997.41069092
351129,65565.8375426
351130,228219.169178
351131,776158.582352
351132,71623.1358686
351133,20463.4705602
351134,20908.8110536
351135,77.9790405239
351136,41510.6748522
351137,102.495881059
351138,118.61602258
351139,2129540.52064
351140,308669.997135
351141,5921.46619257
351142,817406.758577
351143,18362.6836219
351144,30857.4681484
351145,12639.8939393
351146,642.794578938
351147,29541.068761
351148,3514.47139356
351149,1516.6630431
351150,17507.0813597
351151,130326.724947
351152,5375.29925523
351153,95555.0798455
351154,22000.918397
351155,8864.59053044
351156,141163.169311
351157,12646.4298965
351158,236360.988152
351159,111693.454518
351160,92401.4222081
351161,96837.6964418
351162,1170.18409819
351163,14512.9536954
351164,11737.3877914
351165,73150.7080622
351166,5408.8144817
351167,34397.9380341
351168,49988.115653
351169,116491.368669
351170,79806.8599601
351171,18403.2336994
351172,371.770364574
351173,73601.8656675
351174,26410.0984551
351175,5219.06484822
351176,76296.0493256
351177,81541.186651
351178,105887.789306
351179,9688.20787778
351180,121.282295835
351181,2473.90210124
351182,6059.38765425
351183,12674.296898
351184,27599.4408947
351185,2094.05391237
351186,7237.20783878
351187,14500.3515704
351188,4515.67245518
351189,4424.55346256
351190,62055.8651725
351191,223653.907022
351192,22098.7654035
351193,787568.943004
351194,239909.375312
351195,33886.0607654
351196,131953.448104
351197,758.687651446
351198,121916.719821
351199,1783934.16919
351200,24721.583292
351201,578363.460983
351202,385846.581452
351203,529812.263745
351204,820613.000846
351205,114082.190285
351206,88623.7366409
351207,1749.39103814
351208,4537.17206173
351209,110.405287749
351210,10376.5813819
351211,63175.2144337
351212,3416.83829432
351213,37648.1079777
351214,328842.598408
351215,82177.8809661
351216,399072.30261
351217,212775.884823
351218,68663.6903981
351219,55206.2113328
351220,656.084705614
351221,14349.8036274
351222,217883.602946
351223,537745.74154
351224,239363.559263
351225,14427.1462405
351226,23276.7528677
351227,69989.6428867
351228,15037.6379234
351229,108385.203112
351230,2413.34637738
351231,62616.4682208
351232,10809.8762591
351233,2319.2654775
351234,671.896479888
351235,119998.550329
351236,612391.75559
351237,60620.5194335
351238,3080.11417775
351239,16931.9786364
351240,76.7020706575
351241,8549.1868542
351242,132341.611638
351243,89556.7717167
351244,212940.463668
351245,275688.467994
351246,10879.3093696
351247,7674.43040908
351248,11628.2173311
351249,856.98512926
351250,1628.42637096
351251,57598.0971154
351252,9811.42709452
351253,435515.249012
351254,21312.635006
351255,833779.86221
351256,341.526247194
351257,1422.31493147
351258,940.844848955
351259,57814.0969888
351260,8974.63039161
351261,652.647972803
351262,3218.75452237
351263,1244.65359704
351264,797.05092318
351265,1693.28353224
351266,2649.60978829
351267,668575.612076
351268,302310.260109
351269,25512.7464023
351270,277856.789127
351271,19569.847569
351272,9795.03927991
351273,906.765924721
351274,24661.682573
351275,43034.5861723
351276,69021.1369949
351277,162219.797118
351278,65074.2918233
351279,95.252059791
351280,216281.416613
351281,13004.6993256
351282,14128.764162
351283,56.9184631387
351284,303.150619485
351285,17525.2723486
351286,472.44489069
351287,68.1762529602
351288,92055.3422317
351289,558590.756816
351290,237199.661043
351291,424475.797045
351292,23113.8367283
351293,1380.78384137
351294,25727.8597851
351295,390954.627964
351296,111753.164523
351297,148643.362341
351298,387674.324621
351299,200.962323637
351300,64.5446394271
351301,89.468578344
351302,179.557148787
351303,5176.63784222
351304,35296.8666716
351305,16926.9501244
351306,13871.0914178
351307,317.454902373
351308,5207.30331439
351309,146116.135687
351310,52399.0691031
351311,2021.81407953
351312,1620.15527137
351313,24207.8899547
351314,245960.803874
351315,26961.3441576
351316,112336.24173
351317,52363.0119773
351318,84675.0805805
351319,80627.3054636
351320,1723.89920211
351321,1045.87784514
351322,81697.4058845
351323,83934.7812808
351324,348379.864244
351325,349789.776671
351326,1592.02306963
351327,94271.3221945
351328,65884.1847904
351329,1177.83548334
351330,19471.6861939
351331,8272.97512823
351332,91538.4665242
351333,8848.39473656
351334,17421.0105788
351335,56592.3806454
351336,246994.575335
351337,182122.312857
351338,6872.17681752
351339,21474.3336469
351340,10612.8132719
351341,1780.24039752
351342,38030.9462809
351343,1042.21957155
351344,137.820046503
351345,9253.55379433
351346,4091.98613425
351347,14251.3241596
351348,3997.41069092
351349,65565.8375426
351350,228219.169178
351351,776158.582352
351352,71623.1358686
351353,20463.4705602
351354,20908.8110536
351355,77.9790405239
351356,41510.6748522
351357,102.495881059
351358,118.61602258
351359,2129540.52064
351360,308669.997135
351361,5921.46619257
351362,817406.758577
351363,18362.6836219
351364,30857.4681484
351365,12639.8939393
351366,642.794578938
351367,29541.068761
351368,3514.47139356
351369,1516.6630431
351370,17507.0813597
351371,130326.724947
351372,5375.29925523
351373,95555.0798455
351374,22000.918397
351375,8864.59053044
351376,141163.169311
351377,12646.4298965
351378,236360.988152
351379,111693.454518
351380,92401.4222081
351381,96837.6964418
351382,1170.18409819
351383,14512.9536954
351384,11737.3877914
351385,73150.7080622
351386,5408.8144817
351387,34397.9380341
351388,49988.115653
351389,116491.368669
351390,79806.8599601
351391,18403.2336994
351392,371.770364574
351393,73601.8656675
351394,26410.0984551
351395,5219.06484822
351396,76296.0493256
351397,81541.186651
351398,105887.789306
351399,9688.20787778
351400,121.282295835
351401,2473.90210124
351402,6059.38765425
351403,12674.296898
351404,27599.4408947
351405,2094.05391237
351406,7237.20783878
351407,14500.3515704
351408,4515.67245518
351409,4424.55346256
351410,62055.8651725
351411,223653.907022
351412,22098.7654035
351413,787568.943004
351414,239909.375312
351415,33886.0607654
351416,131953.448104
351417,758.687651446
351418,121916.719821
351419,1783934.16919
351420,24721.583292
351421,578363.460983
351422,385846.581452
351423,529812.263745
351424,820613.000846
351425,114082.190285
351426,88623.7366409
351427,1749.39103814
351428,4537.17206173
351429,110.405287749
351430,10376.5813819
351431,63175.2144337
351432,3416.83829432
351433,37648.1079777
351434,328842.598408
351435,82177.8809661
351436,399072.30261
351437,212775.884823
351438,68663.6903981
351439,55206.2113328
351440,656.084705614
351441,14349.8036274
351442,217883.602946
351443,537745.74154
351444,239363.559263
351445,14427.1462405
351446,23276.7528677
351447,69989.6428867
351448,15037.6379234
351449,108385.203112
351450,2413.34637738
351451,62616.4682208
351452,10809.8762591
351453,2319.2654775
351454,671.896479888
351455,119998.550329
351456,612391.75559
351457,60620.5194335
351458,3080.11417775
351459,16931.9786364
351460,76.7020706575
351461,8549.1868542
351462,132341.611638
351463,89556.7717167
351464,212940.463668
351465,275688.467994
351466,10879.3093696
351467,7674.43040908
351468,11628.2173311
351469,856.98512926
351470,1628.42637096
351471,57598.0971154
351472,9811.42709452
351473,435515.249012
351474,21312.635006
351475,833779.86221
351476,341.526247194
351477,1422.31493147
351478,940.844848955
351479,57814.0969888
351480,8974.63039161
351481,652.647972803
351482,3218.75452237
351483,1244.65359704
351484,797.05092318
351485,1693.28353224
351486,2649.60978829
351487,668575.612076
351488,302310.260109
351489,25512.7464023
351490,277856.789127
351491,19569.847569
351492,9795.03927991
351493,906.765924721
351494,24661.682573
351495,43034.5861723
351496,69021.1369949
351497,162219.797118
351498,65074.2918233
351499,95.252059791
351500,216281.416613
351501,13004.6993256
351502,14128.764162
351503,56.9184631387
351504,303.150619485
351505,17525.2723486
351506,472.44489069
351507,68.1762529602
351508,92055.3422317
351509,558590.756816
351510,237199.661043
351511,424475.797045
351512,23113.8367283
351513,1380.78384137
351514,25727.8597851
351515,390954.627964
351516,111753.164523
351517,148643.362341
351518,387674.324621
351519,200.962323637
351520,64.5446394271
351521,89.468578344
351522,179.557148787
351523,5176.63784222
351524,35296.8666716
351525,16926.9501244
351526,13871.0914178
351527,317.454902373
351528,5207.30331439
